{"time_step": [1, 2, 3, 4, 5, 6, 7, 8, 9, 10, 11, 12, 13, 14, 15, 16, 17, 18, 19, 20, 21, 22, 23, 24, 25, 26, 27, 28, 29, 30, 31, 32, 33, 34, 35, 36, 37, 38, 39, 40, 41, 42, 43, 44, 45, 46, 47, 48, 49, 50, 51, 52, 53, 54, 55, 56, 57, 58, 59, 60, 61, 62, 63, 64, 65, 66, 67, 68, 69, 70, 71, 72, 73, 74, 75, 76, 77, 78, 79, 80, 81, 82, 83, 84, 85, 86, 87, 88, 89, 90, 91, 92, 93, 94, 95, 96, 97, 98, 99, 100, 101, 102, 103, 104, 105, 106, 107, 108, 109, 110, 111, 112, 113, 114, 115, 116, 117, 118, 119, 120, 121, 122, 123, 124, 125, 126, 127, 128, 129, 130, 131, 132, 133, 134, 135, 136, 137, 138, 139, 140, 141, 142, 143, 144, 145, 146, 147, 148, 149, 150, 151, 152, 153, 154, 155, 156, 157, 158, 159, 160, 161, 162, 163, 164, 165, 166, 167, 168, 169, 170, 171, 172, 173, 174, 175, 176, 177, 178, 179, 180, 181, 182, 183, 184, 185, 186, 187, 188, 189, 190, 191, 192, 193, 194, 195, 196, 197, 198, 199, 200, 201, 202, 203, 204, 205, 206, 207, 208, 209, 210, 211, 212, 213, 214, 215, 216, 217, 218, 219, 220, 221, 222, 223, 224], "avg_length": [999, 999, 999, 999, 999, 999, 999, 999, 999, 999, 999, 999, 999, 999, 999, 999, 999, 999, 999, 999, 999, 999, 999, 999, 999, 999, 999, 999, 999, 999, 999, 999, 999, 999, 999, 999, 999, 999, 999, 999, 999, 999, 999, 999, 999, 999, 999, 999, 999, 999, 999, 999, 999, 999, 999, 999, 999, 999, 999, 999, 999, 999, 999, 999, 999, 999, 999, 999, 999, 999, 999, 999, 999, 999, 999, 999, 999, 999, 999, 999, 999, 999, 999, 999, 999, 999, 999, 999, 999, 999, 999, 999, 999, 999, 999, 999, 999, 999, 999, 999, 999, 999, 999, 999, 999, 999, 999, 999, 999, 999, 999, 999, 999, 999, 999, 999, 999, 999, 999, 999, 999, 999, 999, 999, 999, 999, 999, 999, 999, 999, 999, 999, 999, 999, 999, 999, 999, 999, 999, 999, 999, 999, 999, 999, 999, 999, 999, 999, 999, 999, 999, 999, 999, 999, 999, 999, 999, 999, 999, 999, 999, 999, 999, 999, 999, 999, 999, 999, 999, 999, 999, 999, 999, 999, 999, 999, 999, 999, 999, 999, 999, 999, 999, 999, 999, 999, 999, 999, 999, 999, 999, 999, 999, 999, 999, 999, 999, 999, 999, 999, 999, 999, 999, 999, 999, 999, 999, 999, 999, 999, 999, 999, 999, 999, 999, 999, 999, 999, 999, 999, 999, 999, 999, 999], "running_reward": [-0.1759202346492732, -0.7361269106512596, -0.7991242705142443, 0.20824653137635107, -0.2630929800138434, 0.046002010244137415, -0.0012782161598152708, 0.7790964149402119, -1.228493383808758, -0.5900588944945943, -0.6982423993070692, -0.7115859222903627, -0.43797376963829904, -1.6047281031847431, -0.36362490868671715, -0.027032774904559354, 0.8649012164235358, 1.3897527617891394, -0.28645051024797663, -1.0969577569743554, -0.6521776442394431, -0.5285761304084231, -0.5209660206899693, -0.3389931940608937, 0.5112385789285621, -0.16233904617954087, -0.2851776314010048, 0.6149830778803391, 0.20851977683318723, -0.4219563841073595, 0.25997995388857853, -0.7713365784142006, 0.17999622195481035, -0.07345059465926584, -0.4035269020312614, -1.024928553408981, 2.2187402797829208, 0.2419795211019613, -0.16104723670714316, -0.5103994123474362, -1.2528948602785281, 0.2701823394273857, -0.38351962923717764, -1.588077480254634, -0.14092649385359368, 0.2972133317863943, -0.7751115182756927, 0.2057146338912179, -0.28979498037148743, 0.4064075670361207, -0.7724937969390919, -0.5024395274134934, -0.3698993059801261, 0.2872173584943698, 0.158560078714162, 0.012604415846257933, -0.33657767995981547, 0.39869752833522143, -0.623309686890998, 1.3212586341553345, -0.45272064855927896, -0.05905811696992602, 2.397974905491239, -0.019154900017507304, 0.6204054052633765, 0.416646186838858, -0.6400918460162097, -0.6137090795507131, -1.1220617226115195, -1.7281254131157266, 0.08982229787796725, 0.14564716412325984, 0.5273724310413825, 1.8205502792140005, -1.7640277151544632, -0.5891291317686134, 2.08885986526927, 0.006741861195897592, 0.686382524194287, 2.2291109004153564, -0.047762268072848446, -1.1502207761952699, 2.156878295469716, -0.7501713734913205, 0.17099140685812336, 3.067433357882929, 0.3518859994970287, 3.002636830486024, 2.8708236099692757, 1.5876116253140309, 1.5940385277324234, 3.8655776355189437, 3.3841332353264737, 0.2045608511415995, 0.2585466204241593, 0.46169451499923797, 2.474639774161714, 2.858379817682768, 1.554755327721883, 4.108168851237832, 2.460868341542679, 1.5215530194440028, 0.01654610233484144, 0.17328805288407056, 1.0655699712699203, 2.857320303489721, 1.4474425248757996, 0.4837499926732014, 2.0098477816890448, 1.6159063688117437, 0.8518552658791846, 1.1655090736692097, 2.626517149806064, 3.177938794408858, 0.6791919038850686, 0.42128531360324706, 4.284805293734937, 0.08002038198086625, 5.753713341717935, -0.42095669319591345, 0.3482773447968561, 2.491951058542205, 4.117697435869115, 0.4016935921241229, 2.9726845588932123, 2.812680667141895, -0.4584320578530201, 2.186504497738536, 3.174139505535516, 6.446933841088549, 1.6516605157129525, 0.8807492503653508, 0.8882647119349429, 1.0509441523126608, 2.6620925032860283, 3.920176260329589, 4.697155264524624, 0.1791040050716075, 0.9887144448018328, 5.355402990196625, 6.027895870211014, -1.160906674654213, 5.163900084089268, 5.601725535559182, 5.811457994224381, 0.3036470488280538, -1.036511186350637, -0.5657472134056878, -0.4083009106428346, 2.542662563965549, 0.22438385012093431, 3.772489844594893, -0.1779948006297245, -0.12975209492991147, 3.9900092525774173, 3.1250461011176762, 6.981317063848074, 0.9491269499897199, -2.1650947404184784, -3.5430137994305295, -1.8931630947552023, 1.6827061367118645, 2.7837023501492215, 3.113422735650514, 2.042205964726069, 3.937414617513216, 0.04050881592022182, 1.7893197731470045, 0.8967493066370634, 0.5384363058966821, 4.634346377460431, 1.665314681986442, 3.00740549298544, 2.9461050334162366, 0.7206574595261612, 3.6088940217604897, 4.402816375812461, 0.01582862398501983, 0.7041440834930401, 6.61826811765599, 5.20934326610719, 3.779475697187215, 0.11331886146846437, 0.6737271029925845, 3.553274909229847, 0.12769912187606014, 6.064503032622771, 0.2645703939853874, -0.02984632619682226, 7.442078379520214, 1.899503779849378, 4.474603328557995, 6.761542768876397, 0.7059806536667206, 5.657042123147646, 0.6231253327153082, -0.055935925871761716, 2.383353848028362, 1.782923214297875, 2.154615504483515, 0.19300977982913575, 5.306276373496134, 2.3553064283015175, 2.5165430375395283, 5.516257565494808, 1.1590198463115946, 2.769834422199431, 2.26007650512844, -0.3356950785647115, 4.878320801407747, 4.30919017056742, 1.5589790485009078, 2.4522502386917493, -0.03384806924472361, 3.306954315194247, 6.878825794834921, 2.568390561283942, 2.9771025545226104, 0.12550055605504218, 4.7132308647241015, 10.672117465708418, 7.090705474526528, 5.623073220515061, 6.91221946518046],