{"time_step": [1, 2, 3, 4, 5, 6, 7, 8, 9, 10, 11, 12, 13, 14, 15, 16, 17, 18, 19, 20, 21, 22], "avg_length": [999, 999, 999, 999, 999, 999, 999, 999, 999, 999, 999, 999, 999, 999, 999, 999, 999, 999, 999, 999, 999, 999], "running_reward": [0.2031534730025637, 0.8319915255110175, 1.3728629909596375, -0.6483220395736394, 0.04095259009283114, -0.3696506745773003, -2.823582703232996, -0.13328322443073448, -0.6587985523159704, 2.072138717654331, -0.812346049316895, -0.1460944598169962, -0.5163066478430653, -1.072261792761079, -4.2435236997876356, -1.3887687591121634, 1.2588810271185353, -0.08653958904446823, 0.8424567510496825, -0.08064337160641588, -1.0976190341754974, 1.018733261116262], "running_cost": [0.0, 72.0, 48.0, 0.0, 4.0, 460.0, 62.0, 0.0, 96.0, 209.0, 0.0, 0.0, 0.0, 0.0, 41.0, 0.0, 0.0, 0.0, 0.0, 0.0, 0.0, 0.0]}